code,system
9OK7.00,readv2
66CZ.00,readv2
9OK2.00,readv2
9OK1.00,readv2
9OKA.00,readv2
9OKZ.00,readv2
9OK8.00,readv2
9OK3.00,readv2
66C..00,readv2
9OK..00,readv2
C380800,readv2
C380300,readv2
C380100,readv2
C380700,readv2
C380400,readv2
66C4.00,readv2
C380500,readv2
9OK..11,readv2
L161.12,readv2
C380000,readv2
66CE.00,readv2
C38z000,readv2
C380600,readv2
66C6.00,readv2
66C5.00,readv2
66C7.00,readv2
22K2.00,readv2
22K7.00,readv2
22K5.00,readv2
9hN1.00,readv2
9hN0.00,readv2
ZV65319,readv2
ZC2CM00,readv2
66CS.00,readv2
66CP.00,readv2
66CN.00,readv2
22A4.11,readv2
22K4.00,readv2
22AA.00,readv2
Cyu7000,readv2
9OK4.00,readv2
9OK5.00,readv2
9OK6.00,readv2
C38..00,readv2
C38z.00,readv2
Cyu7.00,readv2
C380200,readv2
C38y011,readv2
66C1.00,readv2
66C2.00,readv2